"BL01","BL01.jpg","Title Pic"
"BL01","BL01_-PLBR-435.jpg","POLISH FINISH(RIM),BRUSHED(DISK)"
"BL01","BL01_-PLBR-F-435.jpg","POLISH FINISH(RIM),BRUSHED(DISK)"
"BL02","BL02.jpg","Title Pic"
"BL02","BL02_-PLBR-435.jpg","POLISH FINISH(RIM),BRUSHED(DISK)"
"BL02","BL02_-PLBR-F-435.jpg","POLISH FINISH(RIM),BRUSHED(DISK)"
"BL03","BL03.jpg","Title Pic"
"BL03","BL03_-02-F-435.jpg","GLOSS BLACK(RIM),MATTE BLACK(DISK)"
"BL03","BL03_-GBMB-435.jpg","GLOSS BLACK(RIM),MATTE BLACK(DISK)"
"BL03","BL03_-PLBR-435.jpg","POLISH FINISH(RIM),BRUSHED(DISK)"
"BL03","BL03_-PLBR-F-435.jpg","POLISH FINISH(RIM),BRUSHED(DISK)"
"BL04","BL04.jpg","Title Pic"
"BL04","BL04_-02-PLBB-F-435.jpg","GLOSS BLACK(RIM),BRUSHED BLACK(DISK)"
"BL04","BL04_-PLBB-435.jpg","POLISH FINISH(RIM),BRUSHED BLACK(DISK)"
"BL04","BL04_-PLBR-435.jpg","POLISH FINISH(RIM),BRUSHED(DISK)"
"BL04","BL04_-PLBR-F-435.jpg","POLISH FINISH(RIM),BRUSHED(DISK)"
"BL05","BL05.jpg","Title Pic"
"BL05","BL05_-BRMB-435.jpg","BRUSHED(RIM),MATTE BLACK(DISK)"
"BL05","BL05_-F-BRMB-435.jpg","BRUSHED(RIM),MATTE BLACK(DISK)"
"BL06","BL06.jpg","Title Pic"
"BL06","BL06_-BRBR-435.jpg","BRUSHED(RIM),BRUSHED(DISK)"
"BL06","BL06_-F-435.jpg","BRUSHED(RIM),BRUSHED(DISK)"
"BS01","BS01.jpg","Title Pic"
"BS01","BS01_-AWX.jpg","WHITE(RIM), WHITE(DISK)"
"BS01","BS01_-PFGBX.jpg","POLISH FINISH(RIM), GLOSS BLACK(DISK)"
"BS01","BS01_-PLRX.jpg","POLISH FINISH(RIM), RED(DISK)"
"BS01","BS01_-SX.jpg","BRIGHT SILVER"
"BS01","BS01_-YRX.jpg","YELLOW(RIM), RED(DISK)"
"BS02","BS02.jpg","Title Pic"
"BS02","BS02_-GBMBX.jpg","GLOSS BLACK(RIM), MATTE BLACK(DISK)"
"BS02","BS02_-MBBRX.jpg","MATTE BLACK(RIM), BRUSHED(DISK)"
"BS02","BS02_-MBX.jpg","MATTE BLACK"
"BS02","BS02_-MSGX.jpg","MATTE GUNMETAL"
"BS02","BS02_-PLWX.jpg","POLISH FINISH(RIM), WHITE(DISK)"
"BS02","BS02_-RDMBX.jpg","MATTE BLACK(RIM), RED(DISK)"
"BS02","BS02_-SX.jpg","BRIGHT SILVER"
"BX-J53","BX-J53.jpg","Title Pic"
"BX-J53","BX-J53_-BRBR-435.jpg","BRUSHED BLACK(RIM), BRUSHED BLACK(DISK)"
"BX-J53","BX-J53_-F-BRBR-435.jpg","BRUSHED BLACK(RIM), BRUSHED BLACK(DISK)"
"BX-J62","BX-J62.jpg","Title Pic"
"BX-J62","BX-J62_-F-435.jpg","GLOSS BLACK(RIM), GLOSS BLACK(DISK)"
"BX-J62","BX-J62_-GBMB-435.jpg","GLOSS BLACK(RIM), GLOSS BLACK(DISK)"
"BX04","BX04.jpg","Title Pic"
"BX04","BX04_-GUR.jpg","RED(RIM), GUNMETAL(DISK)"
"BX04","BX04_-MGMGMX.jpg","MATTE GUNMETAL(RIM), GUNMETAL(DISK)"
"BX04","BX04_-PLBBX.jpg","POLISH FINISH(RIM), BRUSHED BLACK(DISK)"
"BX04","BX04_-PLBR-435.jpg","POLISH FINISH(RIM), BRUSHED(DISK)"
"BX04","BX04_-PLMGMX.jpg","POLISH FINISH(RIM), MATTE GUNMETAL(DISK)"
"BX04","BX04_-RGB-435.jpg","RED(RIM), GLOSS BLACK(DISK)"
"BX04","BX04_-RGX.jpg","ROYAL GOLD(RIM), ROYAL GOLD(DISK)"
"BX04","BX04_-YGBX.jpg","YELLOW(RIM), GLOSS BLACK(DISK)"
"BX04S","BX04S.jpg","Title Pic"
"BX04S","BX04S_-BRDC.jpg","BRUSHED(RIM), DIAMOND CUT(DISK)"
"BX04S","BX04S_-CCX.jpg","POLISH FINISH(RIM), CRYSTAL COFFEE(DISK)"
"BX04S","BX04S_-MGMGMX.jpg","MATTE GUNMETAL(RIM), GUNMETAL(DISK)"
"BX05","BX05.jpg","Title Pic"
"BX05","BX05_-AMSX.jpg","MATTE SILVER(RIM), MATTE SILVER(DISK)"
"BX05","BX05_-BBMBX.jpg","BRUSHED BLACK(RIM), MATTE BLACK(DISK)"
"BX05","BX05_-BRDC.jpg","BRUSHED(RIM), DIAMOND CUT(DISK)"
"BX05","BX05_-F-435.jpg","BRUSHED(RIM), BRUSHED(DISK)"
"BX05","BX05_-PLBRX.jpg","POLISH FINISH(RIM), BRUSHED(DISK)"
"BX05S","BX05S.jpg","Title Pic"
"BX05S","BX05S_-GBCR-435.jpg","GLOSS BLACK(RIM), CRYSTAL BURGUNDY(DISK)"
"BX05S","BX05S_-PLWX.jpg","POLISH FINISH(RIM), WHITE(DISK)"
"BX09","BX09.jpg","Title Pic"
"BX09","BX09_-CBMBX.jpg","CRYSTAL BURGUNDY(RIM), MATTE BLACK(DISK)"
"BX09","BX09_-F-435.jpg","ROYAL GOLD(RIM), ROYAL GOLD(DISK)"
"BX09","BX09_-MBCCX.jpg","MATTE BLACK(RIM), CRYSTAL COFFEE(DISK)"
"BX09","BX09_-MBMBX.jpg","MATTE BLACK(RIM), MATTE BRONZE(DISK)"
"BX09","BX09_-MBMGBX.jpg","MATTE BLACK(RIM), MATTE GUNMETAL(DISK)"
"BX09","BX09_-PLBBX.jpg","POLISH FINISH(RIM), BRUSHED BLACK(DISK)"
"BX09","BX09_-PLSBX.jpg","POLISH FINISH(RIM), SAPPHIRE BLUE(DISK)"
"BX09S","BX09S.jpg","Title Pic"
"BX09S","BX09S_-PLGBX.jpg","POLISH FINISH(RIM), GLOSS BLACK(DISK)"
"BX15","BX15.jpg","Title Pic"
"BX15","BX15_-X.jpg","CRYSTAL BURGUNDY(RIM), ROYAL GOLD(DISK)"
"BX29","BX29.jpg","Title Pic"
"BX29","BX29_-ABRX.jpg","BRONZE(RIM), BRONZE(DISK)"
"BX29","BX29_-GBMBX.jpg","GLOSS BLACK(RIM), MATTE BLACK(DISK)"
"BX29","BX29_-MBCBX.jpg","MATTE BLACK(RIM), CRYSTAL BURGUNDY(DISK)"
"BX29","BX29_-MSBBX.jpg","MATTE SILVER(RIM), BRUSHED BLACK(DISK)"
"BX29","BX29_-SGBX.jpg","SILVER(RIM), GLOSS BLACK(DISK)"
"BX29","BX29_-WMGBX.jpg","WHITE(RIM), MATTE GUNMETAL(DISK)"
"FJ04","FJ04.jpg","Title Pic"
"FJ04","FJ04_-BRX.jpg","BRIGHT SILVER"
"FJ08","FJ08.jpg","Title Pic"
"FJ08","FJ08_-BRX.jpg","BRIGHT SILVER"
"FJ34","FJ34.jpg","Title Pic"
"FJ34","FJ34_-AWX.jpg","WHITE(RIM), WHITE(DISK)"
"FJ34","FJ34_-BFBX.jpg","FLASHING BLACK(RIM), BRUSHED(DISK)"
"FJ34","FJ34_-BRX.jpg","BRIGHT SILVER"
"HB-R5","HB-R5.jpg","Title Pic"
"HB-R5","HB-R5_-435.jpg","GLOSS BLACK(RIM), GLOSS BLACK(DISK)"
"HB-R5","HB-R5_-AMBX.jpg","MATTE BLACK(RIM), MATTE BLACK(DISK)"
"HB-R5","HB-R5_-BRBBRX.jpg","BRUSHED(RIM), BRUSHED BLACK(DISK)"
"HB-R5","HB-R5_-GBCCX.jpg","GLOSS BLACK(RIM), CRYSTAL COFFEE(DISK)"
"HB-R5","HB-R5_-GBMB-435.jpg","GLOSS BLACK(RIM), MATTE BLACK(DISK)"
"HB-R5","HB-R5_-MAGU-435.jpg","MATTE GUNMETEL(RIM), MATTE GUNMETEL(DISK)"
"HB-R5","HB-R5_-MBCCX.jpg","MATTE BLACK(RIM), CRYSTAL COFFEE(DISK)"
"HB-R5","HB-R5_-MBX.jpg","MATTE BLACK"
"HB-R5","HB-R5_-MGMCCX.jpg","MATTE GUNMETAL(RIM), CRYSTAL COFFEE(DISK)"
"HB-R5","HB-R5_-RGX.jpg","ROYAL GOLD(RIM), ROYAL GOLD(DISK)"
"HB-R5","HB-R5_X.jpg","CRYSTAL COFFEE"
"HB-R6","HB-R6.jpg","Title Pic"
"HB-R6","HB-R6_-BRX.jpg","POLISH FINISH(RIM), BRUSHED(DISK)"
"HB-R6","HB-R6_-GBBBRX.jpg","GUNMETAL(RIM), BRUSHED BLACK(DISK)"
"HB-R6","HB-R6_X.jpg","GLOSS BLACK(RIM), BRONZE(DISK)"
"HB-S02","HB-S02.jpg","Title Pic"
"HB-S02","HB-S02_-ABBX.jpg","BRUSHED BLACK(RIM), BRUSHED BLACK(DISK)"
"HB-S02","HB-S02_-AGBX.jpg","GLOSS BLACK(RIM), GLOSS BLACK(DISK)"
"HB-S02","HB-S02_-GMX.jpg","GUNMETAL(RIM), GUNMETAL(DISK)"
"HB-S02","HB-S02_-MBGX.jpg","MATTE BLACK(RIM), GOLD(DISK)"
"HB-S02","HB-S02_-MCX.jpg","MATTE BRONZE"
"HB-S02","HB-S02_-MSCGX.jpg","MATTE SILVER(RIM), CRYSTAL GREEN(DISK)"
"HB-S02","HB-S02_-ORGBX.jpg","ORANGE(RIM), GLOSS BLACK(DISK)"
"HB-S02","HB-S02_-RDBBX.jpg","RED(RIM), BRUSHED BLACK(DISK)"
"HB-S02","HB-S02_-X.jpg","YELLOW(RIM), BRONZE(DISK)"
"HB-S03","HB-S03.jpg","Title Pic"
"HB-S03","HB-S03_-AGMBX.jpg","GLOSS BLACK(RIM), GLOSS BLACK(DISK)"
"HB-S03","HB-S03_-AMGMX.jpg","MATTE GUNMETAL(RIM), MATTE GUNMETAL(DISK)"
"HB-S03","HB-S03_-BRX.jpg","BRIGHT SLIVER"
"HB-S03","HB-S03_-GGBX.jpg","GOLD(RIM), GLOSS BLACK(DISK)"
"HB-S03","HB-S03_-MBX.jpg","MATTE BLACK"
"HB-S03","HB-S03_-PB2.jpg","POLISH FINISH(RIM), BRUSHED(DISK)"
"HB-S03","HB-S03_-X.jpg","BRUSHED BLACK"
"HB-Z05","HB-Z05.jpg","Title Pic"
"HB-Z05","HB-Z05_-435-1.jpg","POLISH FINISH(RIM), GLOSS BLACK(DISK)"
"HB-Z05","HB-Z05_-435.jpg","GUNMETAL(RIM),GLOSS BLACK(DISK)"
"HB-Z05","HB-Z05_-F-435.jpg","POLISH FINISH(RIM), GLOSS BLACK(DISK)"
"HB-Z10","HB-Z10.jpg","Title Pic"
"HB-Z10","HB-Z10_-BRR-L.jpg","BRUSHED(RIM), RED(DISK)"
"HB-Z10","HB-Z10_-BRR-R.jpg","BRUSHED(RIM), RED(DISK)"
"HB04","HB04.jpg","Title Pic"
"HB04","HB04_-15-435.jpg","POLISH FINISH(RIM), MATTE GUNMETAL(DISK)"
"HB04","HB04_-ABBX.jpg","BRUSHED BLACK(RIM), BRUSHED BLACK(DISK)"
"HB04","HB04_-ABRX.jpg","BRIGHT SILVER(RIM), BRIGHT SILVER(DISK)"
"HB04","HB04_-AMBX.jpg","MATTE BLACK(RIM), MATTE BLACK(DISK)"
"HB04","HB04_-AMGBX.jpg","MATTE GUNMETAL(RIM), MATTE GUNMETAL(DISK)"
"HB04","HB04_-BBX2.jpg","POLISH FINISH (RIM),BRUSHED BLACK(DISK)"
"HB04","HB04_-BRBR2.jpg","BRUSHED(RIM), BRUSHED(DISK)"
"HB04","HB04_-BRBX.jpg","POLISH FINISH(RIM),BRUSHED(DISK)"
"HB04","HB04_-GBBRX.jpg","GLOSS BLACK(RIM), BRUSHED(DISK)"
"HB04","HB04_-GBGMX.jpg","GLOSS BLACK(RIM), GUNMETAL(DISK)"
"HB04","HB04_-GMX.jpg","BRIGHT SILVER(RIM),GUNMETAL(DISK)"
"HB04","HB04_-MBX.jpg","BRUSHED(RIM),MATTE BLACK(DISK)"
"HB04","HB04_-SX.jpg","BRUSHED(RIM),BRUSHED(DISK)"
"HB04","HB04_-WMBX.jpg","WHITE(RIM), MATTE BLACK(DISK)"
"HB04S","HB04S.jpg","Title Pic"
"HB04S","HB04S_-PLGBX.jpg","POLISH FINISH(RIM), GLOSS BLACK"
"HB05","HB05.jpg","Title Pic"
"HB05","HB05_-AMBX.jpg","BRUSHED BLACK(RIM), BRUSHED BLACK(DISK)"
"HB05","HB05_-AWX.jpg","WHITE(RIM), WHITE(DISK)"
"HB05","HB05_-BBX.jpg","BRUSHED BLACK"
"HB05","HB05_-BGBX.jpg","GLOSS BLACK(RIM), BRUSHED(DISK)"
"HB05","HB05_-GBBBX.jpg","GLOSS BLACK(RIM), BRUSHED BLACK(DISK)"
"HB05","HB05_-MBGBX.jpg","GLOSS BLACK(RIM), MATTE BLACK(DISK)"
"HB05","HB05_X.jpg","WHITE(RIM), BRUSHED(DISK)"
"HB05S","HB05S.jpg","Title Pic"
"HB09","HB09.jpg","Title Pic"
"HB09","HB09_-AGBX.jpg","GLOSS BLACK(RIM), GLOSS BLACK(DISK)"
"HB09","HB09_-AMBX.jpg","MATTE BLACK(RIM), MATTE BLACK(DISK)"
"HB09","HB09_-BLGBX.jpg","NAVY BLUE(RIM), GLOSS BLACK(DISK)"
"HB09","HB09_-BRX.jpg","BRIGHT SILVER"
"HB09","HB09_-CBX.jpg","CRYSTAL BURGUNDY"
"HB09","HB09_-FBX.jpg","FLASHING BLACK"
"HB09","HB09_-GBBBX.jpg","BRUSHED BLACK(RIM), GLOSS BLACK(DISK)"
"HB09","HB09_-GBMBX.jpg","GLOSS BLACK(RIM), MATTE BLACK(DISK)"
"HB09","HB09_-GBRX.jpg","GLOSS BLACK(RIM), RED(DISK)"
"HB09","HB09_-GX.jpg","GOLD"
"HB09","HB09_-LYMBX.jpg","LEMON YELLOW(RIM), MATTE BLACK(DISK)"
"HB09","HB09_-OMBX.jpg","ORANGE(RIM), MATTE BLACK(DISK)"
"HB09","HB09_-RMBX.jpg","RED(RIM), MATTE BLACK(DISK)"
"HB09","HB09_-SX.jpg","BRUSHED"
"HB09","HB09_-YMBX.jpg","YELLOW(RIM), MATTE BLACK(DISK)"
"HB09","HB27-AMBX.jpg","MATTE BLACK(RIM), MATTE BLACK(DISK)"
"HB09S","HB09S.jpg","Title Pic"
"HB09S","HB09S_-GBMGMX.jpg","GLOSS BLACK(RIM), MATTE GUNMETAL(DISK)"
"HB15","HB15.jpg","Title Pic"
"HB15","HB15_-BRBR.jpg","BRUSHED(RIM), BRUSHED(DISK)"
"HB15","HB15_-BRMBX.jpg","BRONZE(RIM), MATTE BLACK(DISK)"
"HB15","HB15_-GBBBX.jpg","GLOSS BLACK(RIM), BRUSHED BLACK(DISK)"
"HB15","HB15_-GBMBX.jpg","GLOSS BLACK(RIM), MATTE BLACK(DISK)"
"HB15","HB15_-MBMB.jpg","MATTE BLACK(RIM), MATTE BLACK(DISK)"
"HB15","HB15_-MBORX.jpg","MATTE BLACK(RIM), ORANGE(DISK)"
"HB15","HB15_-MBX.jpg","MATTE BLACK"
"HB15","HB15_-SS435.jpg","MATTE SILVER(RIM), MATTE SILVER(DISK)"
"HB15","HB15_-SX.jpg","BRIGHT SILVER"
"HB27","HB27.jpg","Title Pic"
"HB27","HB27_-BBKX.jpg","BRUSHED BLACK"
"HB27","HB27_-BRX.jpg","BRIGHT SILVER"
"HB27","HB27_-GBBBX.jpg","GLOSS BLACK(RIM), BRUSHED BLACK(DISK)"
"HB27","HB27_-GBGB-435.jpg","GLOSS BLACK(RIM), GLOSS BLACK(DISK)"
"HB27","HB27_-GBMBX.jpg","MATTE BLACK(RIM), MATTE BLACK(DISK)"
"HB27","HB27_-GBMG.jpg","GLOSS BLACK(RIM), MATTE GUNMETAL(DISK)"
"HB27","HB27_-GBWX.jpg","GLOSS BLACK(RIM), WHITE(DISK)"
"HB27","HB27_-PLSB-435.jpg","POLISH FINISH(RIM), SAPPHIRE BLUE(DISK)"
"HB27","HB27_-SS-435.jpg","MATTE SILVER(RIM), MATTE SILVER(DISK)"
"HB27","HB27_-SX.jpg","BRUSHED"
"HB29","HB29.jpg","Title Pic"
"HB29","HB29_-BBX.jpg","BRUSHED BLACK"
"HB29","HB29_-DBSX.jpg","BRUSHED"
"HB35","HB35.jpg","Title Pic"
"HB35","HB35_-AGBX.jpg","GLOSS BLACK(RIM), GLOSS BLACK(DISK)"
"HB35","HB35_-AMBX.jpg","MATTE BLACK(RIM), MATTE BLACK(DISK)"
"HB35","HB35_-AMGMX.jpg","WHITE"
"HB35","HB35_-BBRX.jpg","BRUSHED BLACK"
"HB35","HB35_-CGX.jpg","POLISH FINISH(RIM), CRYSTAL GREEN(DISK)"
"HB35","HB35_-MBX.jpg","MATTE BLACK"
"HB35","HB35_-SILVERX.jpg","SILVER(RIM), SILVER(DISK)"
"HB35","HB35_-SX.jpg","BRUSHED"
"HB35S","HB35S.jpg","Title Pic"
"HB35S","HB35S_-ABBRX.jpg","BRUSHED BLACK(RIM), BRUSHED BLACK(DISK)"
"HB35S","HB35S_-SX.jpg","SILVER(RIM), SILVER(DISK)"
"HB36","HB36.jpg","Title Pic"
"HB36","HB36_-BBRX.jpg","BRUSHED BLACK"
"HB36","HB36_-GBMBX.jpg","GLOSS BLACK(RIM), MATTE BLACK(DISK)"
"HB36","HB36_-PLBR-435.jpg","POLISH FINISH(RIM),BRUSHED  BLACK(DISK)"
"HB36","HB36_-SX.jpg","BRIGHT SILVER"
"HC010","HC010.jpg","Title Pic"
"HC010","HC010_-ABRZX.jpg","BRONZE(RIM), BRONZE(DISK)"
"HC010","HC010_-AMBRZX.jpg","MATTE BRONZE(RIM), MATTE BRONZE(DISK)"
"HC010","HC010_-BR435.jpg","BRUSHED(RIM), BRUSHED(DISK)"
"HC010","HC010_-BSBRX.jpg","POLISH FINISH(RIM), BRUSHED(DISK)"
"HC010","HC010_-GBBBRX.jpg","GLOSS BLACK(RIM), BRUSHED BLACK(DISK)"
"HC010","HC010_-GBMBX.jpg","GLOSS BLACK(RIM), MATTE BLACK(DISK)"
"HC010","HC010_-GBMGMX.jpg","GLOSS BLACK(RIM), MATTE GUNMETAL(DISK)"
"HC010","HC010_-GMBBRX.jpg","GUNMETAL(RIM), BRUSHED BLACK(DISK)"
"HC010","HC010_-GMMGMX.jpg","GUNMETAL(RIM), MATTE GUNMETAL(DISK)"
"HC010","HC010_-PLG.jpg","POLISH FINISH(RIM), GUNMETAL(DISK)"
"HC010","HC010_-PLGU.jpg","POLISH FINISH(RIM), BRUSHED BLACK(DISK)"
"HC010","HC010_-SX.jpg","BRUSHED"
"HC033","HC033.jpg","Title Pic"
"HC033","HC033_-BBX.jpg","BRUSHED BLACK"
"HC033","HC033_-BX.jpg","BRUSHED"
"HC033","HC033_-MGMX.jpg","POLISH FINISH(RIM), MATTE GUNMETAL(DISK)"
"HC033","HC033_-PLCOX.jpg","POLISH FINISH(RIM), CRYSTAL ORANGE(DISK)"
"HC033","HC033_-WGBX.jpg","WHITE(RIM), GLOSS BLACK(DISK)"
"HC040","HC040.jpg","Title Pic"
"HC040","HC040_-AMBX.jpg","MATTE BRONZE(RIM), MATTE BRONZE(DISK)"
"HC040","HC040_-BBRX.jpg","POLISH FINISH(RIM), BRUSHED BLACK(DISK)"
"HC040","HC040_-GBCOX.jpg","GLOSS BLACK(RIM), BRONZE(DISK)"
"HC040","HC040_-GMBRX.jpg","GUNMETAL(RIM), BRUSHED(DISK)"
"HC040","HC040_-MBX.jpg","POLISH FINISH(RIM), MATTE BLACK(DISK)"
"HC040","HC040_-MGMX.jpg","POLISH FINISH(RIM), MATTE GUNMETAL(DISK)"
"HC040","HC040_-PLBU2.jpg","POLISH FINISH(RIM), BRUSHED(DISK)"
"HC040","HC040_-WBRX.jpg","WHITE(RIM), BRONZE(DISK)"
"HC040","HC040_-WMBX.jpg","WHITE(RIM), MATTE BLACK(DISK)"
"HC040S","HC040S.jpg","Title Pic"
"HC040S","HC040S_-GBBRX.jpg","GLOSS BLACK(RIM), BRONZE(DISK)"
"HC050","HC050.jpg","Title Pic"
"HC050","HC050_-ABRX.jpg","BRUSHED(RIM), BRUSHED(DISK)"
"HC050","HC050_-GBMGMX.jpg","GLOSS BLACK(RIM), MATTE GUNMETAL(DISK)"
"HC050","HC050_-GBX.jpg","GLOSS BLACK"
"HC050","HC050_-X.jpg","BRUSHED BLACK"
"HC050S","HC050S.jpg","Title Pic"
"HC050S","HC050S_-GBX.jpg","GLOSS BLACK"
"HC050S","HC050S_-MBCCX.jpg","MATTE BLACK(RIM), CRYSTAL COFFEE(DISK)"
"HC050S","HC050S_-MBCOX.jpg","MATTE BLACK(RIM), CRYSTAL ORANGE(DISK)"
"HC050S","HC050S_-MBRX.jpg","MATTE BLACK(RIM), RED(DISK)"
"HC052","HC050-MGMG-435.jpg","MATTE GUNMETAL(RIM), MATTE GUNMETAL(DISK)"
"HC052","HC052.jpg","Title Pic"
"HC052","HC052_-ABBRX.jpg","BRUSHED BLACK(RIM), BRUSHED BLACK(DISK)"
"HC052","HC052_-BBX.jpg","BRUSHED BLACK"
"HC052","HC052_-BRSVX.jpg","SILVER"
"HC052","HC052_-BRX.jpg","BRUSHED"
"HC052","HC052_-GBCOX.jpg","GLOSS BLACK(RIM), MATTE BRONZE(DISK)"
"HC052","HC052_-GBMB2X.jpg","GLOSS BLACK(RIM), MATTE BLACK(DISK)"
"HC052","HC052_-GBMBX.jpg","GLOSS BLACK(RIM), MATTE GUNMETAL(DISK)"
"HC052","HC052_-GBMBX1.jpg","GLOSS BLACK(RIM), GUNMETAL(DISK)"
"HC052","HC052_-GBX.jpg","GLOSS BLACK"
"HC052","HC052_-MBBBRX.jpg","MATTE BLACK(RIM), BRUSHED BLACK(DISK)"
"HC052","HC052_-MGMX.jpg","MATTE GUNMETAL"
"HC052","HC052_-RGBX.jpg","RED(RIM), GLOSS BLACK(DISK)"
"HC052","HC052_-SMSX.jpg","SILVER(RIM), MATTE SILVER(DISK)"
"HC052","HC052_-WCBX.jpg","WHITE(RIM), CRYSTAL BURGUNDY(DISK)"
"HC052","HC052_-WGBX.jpg","WHITE(RIM), GLOSS BLACK(DISK)"
"HC052","HC052_-WMGMX.jpg","WHITE(RIM), MATTE GUNMETAL(DISK)"
"HC052S","HC052S.jpg","Title Pic"
"HC052S","HC052S_-GBGB-435.jpg","GLOSS BLACK(RIM), GLOSS BLACK(DISK)"
"HC052S","HC052S_-MBX.jpg","POLISH FINISH(RIM), MATTE BLACK(DISK)"
"HC052S","HC052S_-WMBX.jpg","WHITE(RIM), MATTE BLACK(DISK)"
"HC053","HC053.jpg","Title Pic"
"HC053","HC053_-BRRX.jpg","BRUSHED(RIM), RED(DISK)"
"HC053","HC053_-BRX.jpg","POLISH FINISH(RIM), BRUSHED(DISK)"
"HC053","HC053_-CBX.jpg","CRYSTAL BURGUNDY"
"HC053","HC053_-CCSBX.jpg","CRYSTAL COFFEE(RIM), SAPPHIRE BLUE(DISK)"
"HC053","HC053_-COGBX.jpg","GUNMETAL(RIM), MATTE BLACK(DISK)"
"HC053","HC053_-GBGB-435.jpg","GLOSS BLACK(RIM), GLOSS BLACK(DISK)"
"HC053","HC053_-GBMGMX.jpg","GLOSS BLACK(RIM), MATTE GUNMETAL(DISK)"
"HC053","HC053_-GMMBX.jpg","GUNMETAL(RIM), MATTE BLACK(DISK)"
"HC053","HC053_-WSBX.jpg","WHITE(RIM), SAPPHIRE BLUE(DISK)"
"HC053","HC053_-X.jpg","SAPPHIRE BLUE"
"HC053S","HC053S.jpg","Title Pic"
"HC053S","HC053S_-CBMBX.jpg","CRYSTAL BURGUNDY(RIM), MATTE BLACK(DISK)"
"HC053S","HC053S_-COMBX.jpg","CRYSTAL ORANGE(RIM), MATTE BLACK(DISK)"
"HC053S","HC053S_-MBX.jpg","MATTE BLACK"
"HC053S","HC053S_-PLCR-435.jpg","POLISH FINISH(RIM),CRYSTAL BURGUNDY(DISK)"
"HC053S","HC053S_-SBX.jpg","SAPPHIRE BLUE"
"HC053S","HC053S_-WMBX.jpg","WHITE(RIM), MATTE BLACK(DISK)"
"HCS01","HCS-01-350.jpg","Title Pic"
"HCS01S","HCS01S.jpg","Title Pic"
"HCS02","HCS-02-350.jpg","Title Pic"
"HCS02S","HCS02S.jpg","Title Pic"
"HCS03","HCS-03-350.jpg","Title Pic"
"HCS03S","HCS03S.jpg","Title Pic"
"HCS04","HCS-04-350.jpg","Title Pic"
"RA01","RA01.jpg","Title Pic"
"RA01","RA01_-GMX.jpg","POLISH FINISH(RIM), GUNMETAL(DISK)"
"RA01","RA01_-PFBX.jpg","POLISH FINISH(RIM), BRUSHED(DISK)"
"RA01","RA01_-PFMBX.jpg","POLISH FINISH(RIM), MATTE BLACK(DISK)"
"RA01","RA01_-SX.jpg","POLISH FINISH(RIM), SILVER(DISK)"
"RA01","RA01_-WX.jpg","POLISH FINISH(RIM), WHITE(DISK)"
"RA05","RA05.jpg","Title Pic"
"RA05","RA05_-AMBX.jpg","MATTE BLACK(RIM), MATTE BLACK(DISK)"
"RA05","RA05_-PFBRX.jpg","POLISH FINISH(RIM), BRUSHED(DISK)"
"RA05","RA05_-PFGBX.jpg","POLISH FINISH(RIM), GLOSS BLACK(DISK)"
"RA05","RA05_-PFGMX.jpg","POLISH FINISH(RIM), GUNMETAL(DISK)"
"RA05","RA05_-SX.jpg","BRIGHT SILVER"
"RA05","RA05_-WGBX.jpg","GLOSS BLACK(RIM), WHITE(DISK)"
"RA07","RA07.jpg","Title Pic"
"RA07","RA07_-BRSLX.jpg","BRUSHED(RIM), SILVER(DISK)"
"RA07","RA07_-GBX.jpg","POLISH FINISH(RIM), GLOSS BLACK(DISK)"
"RA07","RA07_-SGX.jpg","POLISH FINISH(RIM), GUNMETAL(DISK)"
"RA07","RA07_-SX.jpg","POLISH FINISH(RIM), SILVER(DISK)"
"RS31","RS31.jpg","Title Pic"
"RS31","RS31_-AMBX.jpg","MATTE BLACK"
"RS31","RS31_-BBRX.jpg","BRUSHED BLACK"
"RS31","RS31_-BRX.jpg","BRUSHED"
"RS31","RS31_-MBX.jpg","MATTE BRONZE"
"RS31","RS31_-SX.jpg","SILVER"
"RS31","RS31_-WX.jpg","WHITE"
"RS31","RS31_.jpg","BRUSHED"
"RS40","RS40.jpg","Title Pic"
"RS40","RS40_-ACOX.jpg","BRONZE"
"RS40","RS40_-AMGMX.jpg","MATTE GUNMETAL"
"RS40","RS40_-BBRX.jpg","BRUSHED BLACK"
"RS40","RS40_-BR-435.jpg","BRUSHED"
"RS40","RS40_-BRB-435.jpg","BRUSHED BLACK"
"RS40","RS40_-BRX.jpg","BRUSHED"
"RS40","RS40_-CGX.jpg","CRYSTAL GREEN"
"RS40","RS40_-COX.jpg","CRYSTAL ORANGE"
"RS40","RS40_-DEEP-CONCAVEX.jpg","BRUSHED(DEEP CONCAVE)"
"RS40","RS40_-GMX.jpg","GUNMETAL"
"RS40","RS40_-MAGU-435.jpg","MATTE GUNMETAL"
"RS40","RS40_-MBX.jpg","MATTE BLACK"
"RS40","RS40_-MCX.jpg","MATTE BRONZE"
"RS40","RS40_-WX.jpg","WHITE"
"RS41","RS41.jpg","Title Pic"
"RS41","RS41_-435-2.jpg","POLISH FINISH(RIM),BRUSHED(DISK)"
"RS41","RS41_-CCX.jpg","CRYSTAL COFFEE"
"RS41","RS41_-GBX.jpg","GLOSS BLACK"
"RS41","RS41_-MGMX.jpg","MATTE GUNMETAL"
"RS41","RS41_X.jpg","BRUSHED BLACK"
"RS42","RS42.jpg","Title Pic"
"RS42","RS42_-BB.jpg","BRUSHED BLACK"
"RS42","RS42_-MAGU-435.jpg","MATTE BLACK"
"RS42","RS42_-MB-435.jpg","MATTE BLACK"
"RS42","RS42_X.jpg","BRUSHED"
"RS43","RS43.jpg","Title Pic"
"RS43","RS43_-DEEP-CONCAVE-2X.jpg","GLOSS BLACK"
"RS43","RS43_-DEEP-CONCAVEX.jpg","ROYAL GOLD"
"RS43","RS43_-GBX.jpg","GLOSS BLACK"
"RS43","RS43_-GMX.jpg","GUNMETAL"
"RS43","RS43_-MAB-435.jpg","MATTE BLACK"
"RS43","RS43_-RG-435.jpg","ROYAL GOLD"
"RS43","RS43_GR.jpg","ROYAL GOLD"
"RS43","RS43_X.jpg","WHITE"
"RT50","RT50.jpg","Title Pic"
"RT50","RT50_-435.jpg","MATTE GUNMETAL"
"RT50","RT50_-PL.jpg","BRUSHED"
"RT51","RT51.jpg","Title Pic"
"RT51","RT51_-AMCX.jpg","MATTE bronze"
"RT51","RT51_-MGMX.jpg","MATTE GUNMETAL"
"RT51","RT51_-MSX.jpg","MATTE SILVER"
"RT52","RT52.jpg","Title Pic"
"RT53","RT53.jpg","Title Pic"
"RT53","RT53_BR.jpg","BRUSHED"
"SN01","SN01.jpg","Title Pic"
"SN01","SN01_-AMBX.jpg","MATTE BLACK(RIM), MATTE BLACK(DISK)"
"SN01","SN01_-MBX.jpg","MATTE BLACK"
"SN01","SN01_-MSGX.jpg","MATTE GUNMETAL"
"SN01","SN01_-SGX.jpg","GUNMETAL"
"SN02","SN02.jpg","Title Pic"
"SN02","SN02_-BBX.jpg","BRUSHED BLACK"
"SN02","SN02_-FBX.jpg","FLASHING BLACK"
"SN02","SN02_-MBX.jpg","MATTE BLACK"
"SN02","SN02_-SX.jpg","BRIGHT SILVER"
"SN02","SN02_-WMX.jpg","WHITE(RIM), MATTE BLACK(DISK)"
"SN03","SN03.jpg","Title Pic"
"SN03","SN03_-SX.jpg","BRIGHT SILVER"
"SN05","SN05.jpg","Title Pic"
"SN05","SN05_-CBX.jpg","CRYSTAL BURGUNDY(RIM), MATTE BLACK(DISK)"
"SN05","SN05_-FBX.jpg","FLASHING BLACK"
"SN05","SN05_-MMGX.jpg","MATTE GUNMETAL"
"SN05","SN05_-SX.jpg","BRIGHT SILVER"
"SN06","SN06.jpg","Title Pic"
"SN06","SN06_-GBMBX.jpg","GLOSS BLACK(RIM), MATTE BLACK(DISK)"
"SN06","SN06_-MBX.jpg","MATTE BLACK"
"SN06","SN06_-SX.jpg","BRIGHT SILVER"
"SN13","SN13.jpg","Title Pic"
"SN13","SN13_-CBX.jpg","CRYSTAL BURGUNDY"
"SN13","SN13_-MBX.jpg","MATTE BLACK"
"SN13","SN13_-SX.jpg","BRIGHT SILVER"
"TM04","TM04.jpg","Title Pic"
"TM05","TM05.jpg","Title Pic"
"TM08","TM08.jpg","Title Pic"
"TM14","TM14.jpg","Title Pic"
